study_arm,added_steps,suite,policy_mode,n,goal,safety,timeout,collision,goal_pct,safety_pct,timeout_pct,mean_original_return,mean_min_clearance_m,goal_only_mean_path_m,goal_only_mean_sim_time_s
frozen_baseline,0,E2,all,80,78,2,0,0,97.5,2.5,0.0,112.07920849814175,0.37906545884907245,2.6443481103358257,21.0784358974359
frozen_baseline,0,E2,stochastic,40,39,1,0,0,97.5,2.5,0.0,110.44702328096886,0.3769984856247902,2.64363759093324,22.42571794871795
frozen_baseline,0,E2,deterministic,40,39,1,0,0,97.5,2.5,0.0,113.71139371531464,0.38113243207335473,2.645058629738411,19.73115384615385
frozen_baseline,0,E3,all,8,8,0,0,0,100.0,0.0,0.0,115.74278104688695,0.4597789868712425,1.8146722377433284,12.850250000000017
frozen_baseline,0,E3,stochastic,4,4,0,0,0,100.0,0.0,0.0,114.63565643182045,0.4422111511230469,1.8191164133311708,13.625
frozen_baseline,0,E3,deterministic,4,4,0,0,0,100.0,0.0,0.0,116.84990566195344,0.47734682261943817,1.810228062155486,12.075500000000034
original_reward,1499,E2,all,80,78,2,0,0,97.5,2.5,0.0,112.56928809043362,0.38123432975262406,2.653319893726921,21.12470512820513
original_reward,1499,E2,stochastic,40,39,1,0,0,97.5,2.5,0.0,111.07229775567595,0.3786641646176577,2.6504301929496874,22.495128205128207
original_reward,1499,E2,deterministic,40,39,1,0,0,97.5,2.5,0.0,114.06627842519129,0.3838044948875904,2.6562095945041544,19.754282051282054
original_reward,1499,E3,all,8,8,0,0,0,100.0,0.0,0.0,115.77295950809075,0.45943228527903557,1.814298803661757,12.82500000000001
original_reward,1499,E3,stochastic,4,4,0,0,0,100.0,0.0,0.0,114.61556037410338,0.4419754073023796,1.8140408444251388,13.549999999999997
original_reward,1499,E3,deterministic,4,4,0,0,0,100.0,0.0,0.0,116.93035864207812,0.47688916325569153,1.8145567628983754,12.100000000000023
original_reward,1500,E2,all,80,78,2,0,0,97.5,2.5,0.0,112.27789569282615,0.3804591383785009,2.651717563549254,21.112128205128208
original_reward,1500,E2,stochastic,40,39,1,0,0,97.5,2.5,0.0,110.77398425729623,0.3789650771766901,2.6621554909351333,22.51871794871795
original_reward,1500,E2,deterministic,40,39,1,0,0,97.5,2.5,0.0,113.78180712835606,0.38195319958031176,2.641279636163375,19.705538461538467
original_reward,1500,E3,all,8,8,0,0,0,100.0,0.0,0.0,115.78936475616909,0.4490436539053917,1.8176387872606852,12.825250000000011
original_reward,1500,E3,stochastic,4,4,0,0,0,100.0,0.0,0.0,114.64598857124774,0.4258248433470726,1.8207244793002058,13.5505
original_reward,1500,E3,deterministic,4,4,0,0,0,100.0,0.0,0.0,116.93274094109044,0.4722624644637108,1.8145530952211644,12.100000000000023
original_reward,1750,E2,all,80,60,16,4,0,75.0,20.0,5.0,80.60104674170495,0.3376935411244631,2.4484655673838103,22.505683333333327
original_reward,1750,E2,stochastic,40,30,7,3,0,75.0,17.5,7.5,77.43289654880337,0.32525317296385764,2.375979274682576,23.844533333333324
original_reward,1750,E2,deterministic,40,30,9,1,0,75.0,22.5,2.5,83.76919693460653,0.3501339092850685,2.520951860085045,21.16683333333333
original_reward,1750,E3,all,8,8,0,0,0,100.0,0.0,0.0,113.93269511270529,0.355324849486351,1.8796244180730917,15.087499999999999
original_reward,1750,E3,stochastic,4,4,0,0,0,100.0,0.0,0.0,112.27965755030144,0.35396409779787064,1.9069166062035532,16.14999999999999
original_reward,1750,E3,deterministic,4,4,0,0,0,100.0,0.0,0.0,115.58573267510914,0.3566856011748314,1.8523322299426304,14.025000000000006
original_reward,2000,E2,all,80,50,26,4,0,62.5,32.5,5.0,65.32979669665299,0.3028491323813796,2.3015672954927777,20.658420000000003
original_reward,2000,E2,stochastic,40,25,13,2,0,62.5,32.5,5.0,62.75790609373972,0.2957702226936817,2.2489612810623476,21.9804
original_reward,2000,E2,deterministic,40,25,13,2,0,62.5,32.5,5.0,67.90168729956626,0.3099280420690775,2.354173309923208,19.33644000000001
original_reward,2000,E3,all,8,8,0,0,0,100.0,0.0,0.0,114.48019768624538,0.40008294954895973,1.9789825382816946,15.537500000000001
original_reward,2000,E3,stochastic,4,4,0,0,0,100.0,0.0,0.0,112.97522187316143,0.3681514859199524,2.02888884885001,17.27499999999999
original_reward,2000,E3,deterministic,4,4,0,0,0,100.0,0.0,0.0,115.9851734993293,0.43201441317796707,1.9290762277133786,13.800000000000011
original_reward,5000,E2,all,80,12,59,9,0,15.0,73.75,11.25,3.489174626108942,0.19548045564442873,1.6952653982837815,15.733333333333325
original_reward,5000,E2,stochastic,40,7,31,2,0,17.5,77.5,5.0,9.541558852568148,0.1909053087234497,1.603289604139799,14.942857142857138
original_reward,5000,E2,deterministic,40,5,28,7,0,12.5,70.0,17.5,-2.563209600350264,0.20005560256540775,1.824031510085357,16.839999999999986
original_reward,5000,E3,all,8,7,1,0,0,87.5,12.5,0.0,95.07573383622352,0.30816818587481976,2.1406802760825583,16.91471428571429
original_reward,5000,E3,stochastic,4,3,1,0,0,75.0,25.0,0.0,78.45742100219925,0.24833934381604195,2.4856288030383564,21.301000000000005
original_reward,5000,E3,deterministic,4,4,0,0,0,100.0,0.0,0.0,111.69404667024779,0.36799702793359756,1.8819688808657093,13.625
original_reward,10000,E2,all,80,6,68,6,0,7.5,85.0,7.5,-2.871416923432757,0.17648720350116492,1.8377994072054238,18.501500000000007
original_reward,10000,E2,stochastic,40,3,34,3,0,7.5,85.0,7.5,-1.6476518975096164,0.17006803564727307,2.2362986471971564,22.602999999999998
original_reward,10000,E2,deterministic,40,3,34,3,0,7.5,85.0,7.5,-4.095181949355897,0.18290637135505677,1.4393001672136911,14.400000000000015
original_reward,10000,E3,all,8,3,5,0,0,37.5,62.5,0.0,42.44129856871642,0.21561688371002674,1.9318362605008406,14.833333333333352
original_reward,10000,E3,stochastic,4,1,3,0,0,25.0,75.0,0.0,27.847181239838733,0.2143273614346981,1.9771495464358557,17.30000000000001
original_reward,10000,E3,deterministic,4,2,2,0,0,50.0,50.0,0.0,57.035415897594106,0.21690640598535538,1.9091796175333329,13.600000000000023
feedback_200,1499,E2,all,80,78,2,0,0,97.5,2.5,0.0,112.36483926545242,0.3798465136438608,2.6465436457581784,21.072051282051287
feedback_200,1499,E2,stochastic,40,39,1,0,0,97.5,2.5,0.0,110.80806308843201,0.377928039804101,2.6488456998606114,22.42846153846154
feedback_200,1499,E2,deterministic,40,39,1,0,0,97.5,2.5,0.0,113.92161544247283,0.38176498748362064,2.644241591655745,19.71564102564103
feedback_200,1499,E3,all,8,8,0,0,0,100.0,0.0,0.0,115.75052262648794,0.4592924565076828,1.8141979080899695,12.838000000000015
feedback_200,1499,E3,stochastic,4,4,0,0,0,100.0,0.0,0.0,114.56824837636475,0.439504973590374,1.8138380556868772,13.576000000000008
feedback_200,1499,E3,deterministic,4,4,0,0,0,100.0,0.0,0.0,116.93279687661114,0.4790799394249916,1.8145577604930618,12.100000000000023
feedback_200,1500,E2,all,80,78,2,0,0,97.5,2.5,0.0,111.94667442860766,0.3833408147096634,2.631719758231271,20.928410256410256
feedback_200,1500,E2,stochastic,40,39,1,0,0,97.5,2.5,0.0,109.95214296207969,0.3812939114868641,2.605423189226261,22.082153846153847
feedback_200,1500,E2,deterministic,40,39,1,0,0,97.5,2.5,0.0,113.94120589513564,0.3853877179324627,2.6580163272362807,19.77466666666667
feedback_200,1500,E3,all,8,8,0,0,0,100.0,0.0,0.0,115.8652083159709,0.45961837843060493,1.8155822817624565,12.824999999999982
feedback_200,1500,E3,stochastic,4,4,0,0,0,100.0,0.0,0.0,114.79750238775308,0.43815161287784576,1.8166073935453144,13.549999999999997
feedback_200,1500,E3,deterministic,4,4,0,0,0,100.0,0.0,0.0,116.93291424418871,0.4810851439833641,1.8145571699795986,12.099999999999966
feedback_200,1750,E2,all,80,53,20,7,0,66.25,25.0,8.75,73.54351225501325,0.29210769925266505,2.668441061930575,21.009830188679246
feedback_200,1750,E2,stochastic,40,27,11,2,0,67.5,27.5,5.0,73.51077043773033,0.30069073140621183,2.5090052401285505,20.397074074074077
feedback_200,1750,E2,deterministic,40,26,9,5,0,65.0,22.5,12.5,73.57625407229618,0.2835246670991182,2.834009030724985,21.646153846153844
feedback_200,1750,E3,all,8,8,0,0,0,100.0,0.0,0.0,116.3465233737676,0.44777216762304306,1.8561412300674727,12.725000000000001
feedback_200,1750,E3,stochastic,4,4,0,0,0,100.0,0.0,0.0,115.75687105600859,0.41948892921209335,1.8974495888773812,13.350000000000009
feedback_200,1750,E3,deterministic,4,4,0,0,0,100.0,0.0,0.0,116.9361756915266,0.47605540603399277,1.8148328712575643,12.099999999999994
feedback_200,2000,E2,all,80,36,35,9,0,45.0,43.75,11.25,44.43066474623244,0.24458795841783285,2.3747188530396914,19.247527777777776
feedback_200,2000,E2,stochastic,40,19,18,3,0,47.5,45.0,7.5,48.35146957428613,0.2560234725475311,2.384475188681177,19.80005263157895
feedback_200,2000,E2,deterministic,40,17,17,6,0,42.5,42.5,15.0,40.509859918178755,0.23315244428813459,2.3638147132050897,18.62999999999999
feedback_200,2000,E3,all,8,7,1,0,0,87.5,12.5,0.0,97.067156042743,0.37468409538269043,2.0724113118341227,15.3857142857143
feedback_200,2000,E3,stochastic,4,3,1,0,0,75.0,25.0,0.0,77.21810362137326,0.2773682773113251,2.412093643507231,19.73333333333333
feedback_200,2000,E3,deterministic,4,4,0,0,0,100.0,0.0,0.0,116.91620846411271,0.4719999134540558,1.8176495630792915,12.125000000000028
feedback_200,5000,E2,all,80,11,67,2,0,13.75,83.75,2.5,7.549274068852092,0.18014404103159903,1.7597132618765448,13.636454545454555
feedback_200,5000,E2,stochastic,40,6,34,0,0,15.0,85.0,0.0,9.670104081977623,0.1784060809761286,1.824094619026985,14.266666666666675
feedback_200,5000,E2,deterministic,40,5,33,2,0,12.5,82.5,5.0,5.42844405572656,0.1818820010870695,1.682455633296016,12.880200000000013
feedback_200,5000,E3,all,8,3,5,0,0,37.5,62.5,0.0,41.67488548387931,0.2725917976349592,1.8353341105113452,12.366666666666655
feedback_200,5000,E3,stochastic,4,1,3,0,0,25.0,75.0,0.0,21.844265372644188,0.22864260151982307,1.8763366754483206,12.900000000000034
feedback_200,5000,E3,deterministic,4,2,2,0,0,50.0,50.0,0.0,61.50550559511443,0.31654099375009537,1.8148328280428574,12.099999999999966
feedback_200,10000,E2,all,80,1,76,3,0,1.25,95.0,3.75,-8.551438047824426,0.1549123113974929,1.8381601354677923,13.0
feedback_200,10000,E2,stochastic,40,0,38,2,0,0.0,95.0,5.0,-10.430064285193533,0.15575273502618076,,
feedback_200,10000,E2,deterministic,40,1,38,1,0,2.5,95.0,2.5,-6.672811810455321,0.15407188776880504,1.8381601354677923,13.0
feedback_200,10000,E3,all,8,1,7,0,0,12.5,87.5,0.0,4.055196077473318,0.17977288737893105,2.0573654793263123,14.199999999999989
feedback_200,10000,E3,stochastic,4,1,3,0,0,25.0,75.0,0.0,14.406541577393691,0.2066379375755787,2.0573654793263123,14.199999999999989
feedback_200,10000,E3,deterministic,4,0,4,0,0,0.0,100.0,0.0,-6.296149422447055,0.1529078371822834,,
